"sid","pid","DATASET","TASK","ixn","reps_all","reps_group","REP","reps_multi","rep_simple","rep_type"
"30","j2719eertu2","happiness","ixn","FALSE","dataframe_head_j2719eertu2happiness,","dataframe","dataframe",FALSE,"TABLE","CODE"
"31","j2719eertu2","happiness","ixn","TRUE","highlight_brush_with_profile_j2719eertu2happiness,","profile","profile",FALSE,"profile","CHART"
"32","j2719eertu2","happiness","ixn","FALSE","highlight_brush_with_profile_j2719eertu2happiness,","profile","profile",FALSE,"profile","CHART"
"33","j2719eertu2","happiness","ixn","FALSE","highlight_brush_with_profile_j2719eertu2happiness,","profile","profile",FALSE,"profile","CHART"
"34","j2719eertu2","happiness","ixn","FALSE","highlight_brush_with_profile_j2719eertu2happiness,","profile","profile",FALSE,"profile","CHART"
"35","j2719eertu2","happiness","ixn","TRUE","highlight_brush_with_profile_j2719eertu2happiness,","profile","profile",FALSE,"profile","CHART"
"36","j2719eertu2","happiness","ixn","FALSE",NA,"none","none",FALSE,"NONE","NONE"
"37","j2719eertu2","happiness","ixn","TRUE","highlight_brush_with_profile_j2719eertu2happiness,","profile","profile",FALSE,"profile","CHART"
"38","j2719eertu2","happiness","ixn","TRUE","highlight_brush_with_profile_j2719eertu2happiness,","profile","profile",FALSE,"profile","CHART"
"39","j2719eertu2","happiness","ixn","TRUE","highlight_brush_with_profile_j2719eertu2happiness,","profile","profile",FALSE,"profile","CHART"
"40","j2719eertu2","happiness","ixn","TRUE","highlight_brush_with_profile_j2719eertu2happiness,","profile","profile",FALSE,"profile","CHART"
"41","j2719eertu2","happiness","ixn","TRUE","highlight_brush_with_profile_j2719eertu2happiness,","profile","profile",FALSE,"profile","CHART"
"42","j2719eertu2","happiness","ixn","FALSE","highlight_brush_with_profile_j2719eertu2happiness,","profile","profile",FALSE,"profile","CHART"
"43","j2719eertu2","happiness","ixn","FALSE","highlight_brush_with_profile_j2719eertu2happiness,","profile","profile",FALSE,"profile","CHART"
"44","j2719eertu2","happiness","ixn","TRUE","highlight_brush_with_profile_j2719eertu2happiness,,","profile","profile",FALSE,"profile","CHART"
"45","j2719eertu2","happiness","ixn","FALSE","dataframe_description_j2719eertu2happiness,","describe","describe",FALSE,"TABLE","CODE"
"46","j2719eertu2","happiness","ixn","FALSE","missing_value_sum_j2719eertu2happiness,","python","python",FALSE,"CODE","CODE"
"47","j2719eertu2","happiness","ixn","FALSE","dataframe_description_j2719eertu2happiness,","describe","describe",FALSE,"TABLE","CODE"
"48","j2719eertu2","happiness","ixn","FALSE","correlation_heatmap_j2719eertu2happiness,","heatmap","heatmap",FALSE,"heatmap","CHART"
"49","j2719eertu2","happiness","ixn","FALSE","correlation_heatmap_j2719eertu2happiness,","heatmap","heatmap",FALSE,"heatmap","CHART"
"50","j2719eertu2","happiness","ixn","FALSE","correlation_heatmap_j2719eertu2happiness,","heatmap","heatmap",FALSE,"heatmap","CHART"
"51","j2719eertu2","happiness","ixn","FALSE","sorted_happinessScore_correlation_j2719eertu2happiness,","python","python",FALSE,"CODE","CODE"
"52","j2719eertu2","happiness","ixn","TRUE","logGDP_happiness_hover_scatterplot_with_width_j2719eertu2happiness,","scatterplot","scatterplot",FALSE,"scatterplot","CHART"
"53","j2719eertu2","happiness","ixn","FALSE","logGDP_happiness_hover_scatterplot_square_j2719eertu2happiness, correlation_heatmap_j2719eertu2happiness,","multiviewchart","multiviewchart",FALSE,"multi-view chart","CHART"
"54","j2719eertu2","happiness","ixn","TRUE","logGDP_happiness_hover_scatterplot_square_j2719eertu2happiness,","scatterplot","scatterplot",FALSE,"scatterplot","CHART"
"55","j2719eertu2","happiness","ixn","TRUE","logGDP_happiness_hover_scatterplot_square_j2719eertu2happiness,","scatterplot","scatterplot",FALSE,"scatterplot","CHART"
"56","j2719eertu2","happiness","ixn","TRUE","logGDP_happiness_hover_scatterplot_square_j2719eertu2happiness,","scatterplot","scatterplot",FALSE,"scatterplot","CHART"
"57","j2719eertu2","happiness","ixn","TRUE","logGDP_happiness_hover_scatterplot_square_j2719eertu2happiness,","scatterplot","scatterplot",FALSE,"scatterplot","CHART"
"58","j2719eertu2","happiness","ixn","TRUE","logGDP_happiness_hover_scatterplot_square_j2719eertu2happiness,","scatterplot","scatterplot",FALSE,"scatterplot","CHART"
"59","j2719eertu2","happiness","ixn","TRUE","logGDP_happiness_hover_scatterplot_square_j2719eertu2happiness, Yes, used Scatterplot, df.query,","scatterplot","scatterplot",FALSE,"scatterplot","CHART"
"60","j2719eertu2","happiness","ixn","FALSE","logGDP_happiness_hover_scatterplot_square_j2719eertu2happiness,","scatterplot","scatterplot",FALSE,"scatterplot","CHART"
"61","j2719eertu2","happiness","ixn","TRUE","yearFilter_logGDP_happiness_hover_brush_scatterplot_smaller_j2719eertu2happiness,","scatterplot","scatterplot",FALSE,"scatterplot","CHART"
"62","j2719eertu2","happiness","ixn","FALSE","correlation_matrix_j2719eertu2happiness, correlation_heatmap_j2719eertu2happiness,","dataframe","dataframe",TRUE,"TABLE","CODE"
"62","j2719eertu2","happiness","ixn","FALSE","correlation_matrix_j2719eertu2happiness, correlation_heatmap_j2719eertu2happiness,","heatmap","heatmap",TRUE,"heatmap","CHART"
"63","j2719eertu2","happiness","ixn","TRUE","yearFilter_freedom_happiness_hover_brush_scatterplot_j2719eertu2happiness,","scatterplot","scatterplot",FALSE,"scatterplot","CHART"
"64","j2719eertu2","happiness","ixn","TRUE","yearFilter_freedom_happiness_hover_brush_scatterplot_j2719eertu2happiness,","scatterplot","scatterplot",FALSE,"scatterplot","CHART"
"65","j2719eertu2","happiness","ixn","TRUE","yearFilter_freedom_happiness_profile_barplot_combo_wider_j2719eertu2happiness,","multiviewchart","multiviewchart",FALSE,"multi-view chart","CHART"
"66","j2719eertu2","happiness","ixn","TRUE","yearFilter_freedom_happiness_profile_barplot_combo_wider_j2719eertu2happiness,","multiviewchart","multiviewchart",FALSE,"multi-view chart","CHART"
"67","j2719eertu2","happiness","ixn","TRUE","yearFilter_freedom_happiness_profile_barplot_combo_wider_j2719eertu2happiness,","multiviewchart","multiviewchart",FALSE,"multi-view chart","CHART"
"68","j2719eertu2","happiness","ixn","TRUE","yearFilter_freedom_happiness_profile_barplot_combo_wider_j2719eertu2happiness,","multiviewchart","multiviewchart",FALSE,"multi-view chart","CHART"
"69","j2719eertu2","happiness","ixn","TRUE","yearFilter_freedom_happiness_profile_barplot_combo_wider_j2719eertu2happiness,","multiviewchart","multiviewchart",FALSE,"multi-view chart","CHART"
"70","j2719eertu2","happiness","ixn","TRUE","yearFilter_freedom_happiness_profile_barplot_combo_wider_j2719eertu2happiness,","multiviewchart","multiviewchart",FALSE,"multi-view chart","CHART"
"71","j2719eertu2","happiness","ixn","TRUE","yearFilter_logGDP_happiness_profile_barplot_combo_j2719eertu2happiness,","multiviewchart","multiviewchart",FALSE,"multi-view chart","CHART"
"72","j2719eertu2","happiness","ixn","TRUE","yearFilter_logGDP_happiness_profile_barplot_combo_j2719eertu2happiness,","multiviewchart","multiviewchart",FALSE,"multi-view chart","CHART"
"73","j2719eertu2","happiness","ixn","TRUE","yearFilter_logGDP_happiness_profile_barplot_combo_j2719eertu2happiness,","multiviewchart","multiviewchart",FALSE,"multi-view chart","CHART"
"74","j2719eertu2","happiness","ixn","TRUE","yearFilter_freedom_happiness_profile_barplot_combo_wider_j2719eertu2happiness,","multiviewchart","multiviewchart",FALSE,"multi-view chart","CHART"
"75","j2719eertu2","happiness","ixn","TRUE","yearFilter_freedom_happiness_profile_barplot_combo_wider_j2719eertu2happiness,","multiviewchart","multiviewchart",FALSE,"multi-view chart","CHART"
"101","lkin27js09b","happiness","ixn","FALSE","data_dictionary,","dictionary","dictionary",FALSE,"TABLE","CODE"
"102","lkin27js09b","happiness","ixn","FALSE","data_dictionary,","dictionary","dictionary",FALSE,"TABLE","CODE"
"103","lkin27js09b","happiness","ixn","TRUE","highlight_brush_profile_lkin27js09bhappiness,","profile","profile",FALSE,"profile","CHART"
"104","lkin27js09b","happiness","ixn","TRUE","highlight_brush_profile_lkin27js09bhappiness,","profile","profile",FALSE,"profile","CHART"
"105","lkin27js09b","happiness","ixn","TRUE","highlight_brush_profile_lkin27js09bhappiness,","profile","profile",FALSE,"profile","CHART"
"106","lkin27js09b","happiness","ixn","TRUE","highlight_brush_profile_lkin27js09bhappiness, intro_text,","profile","profile",FALSE,"profile","CHART"
"107","lkin27js09b","happiness","ixn","TRUE","highlight_brush_profile_lkin27js09bhappiness, intro_text,","profile","profile",FALSE,"profile","CHART"
"108","lkin27js09b","happiness","ixn","FALSE","interactive_tutorial,","none","none",FALSE,"NONE","NONE"
"109","lkin27js09b","happiness","ixn","FALSE","barplot_country2_lkin27js09bhappiness,","barplot","barplot",FALSE,"barplot","CHART"
"110","lkin27js09b","happiness","ixn","FALSE","barplot_country2_lkin27js09bhappiness,","barplot","barplot",FALSE,"barplot","CHART"
"111","lkin27js09b","happiness","ixn","TRUE","combined_profile_brush_bar6_lkin27js09bhappiness,","multiviewchart","multiviewchart",FALSE,"multi-view chart","CHART"
"112","lkin27js09b","happiness","ixn","TRUE","combined_profile_brush_bar6_lkin27js09bhappiness,","multiviewchart","multiviewchart",FALSE,"multi-view chart","CHART"
"113","lkin27js09b","happiness","ixn","FALSE","combined_profile_brush_bar6_lkin27js09bhappiness, brush and average happiness bar graph,","multiviewchart","multiviewchart",FALSE,"multi-view chart","CHART"
"114","lkin27js09b","happiness","ixn","FALSE","combined_profile_brush_bar6_lkin27js09bhappiness, df_print3_lkin27js09bhappiness,","multiviewchart","multiviewchart",FALSE,"multi-view chart","CHART"
"115","lkin27js09b","happiness","ixn","TRUE","combined_profile_brush_bar6_lkin27js09bhappiness, df_print3_lkin27js09bhappiness,","multiviewchart","multiviewchart",FALSE,"multi-view chart","CHART"
"132","li832lin23","happiness","ixn","FALSE","data_dictionary,","dictionary","dictionary",FALSE,"TABLE","CODE"
"133","li832lin23","happiness","ixn","FALSE","data_dictionary,","dictionary","dictionary",FALSE,"TABLE","CODE"
"134","li832lin23","happiness","ixn","FALSE","df_profile_all_li832lin23happiness,","profile","profile",FALSE,"profile","CHART"
"135","li832lin23","happiness","ixn","FALSE","df_profile_all_li832lin23happiness,","profile","profile",FALSE,"profile","CHART"
"136","li832lin23","happiness","ixn","FALSE",NA,"none","none",FALSE,"NONE","NONE"
"137","li832lin23","happiness","ixn","FALSE","corr_heatmap_li832lin23happiness,","heatmap","heatmap",FALSE,"heatmap","CHART"
"138","li832lin23","happiness","ixn","FALSE","tooltip_brush_jointplot_happ_lifeExp3_li832lin23happiness,","scatterplot","scatterplot",FALSE,"scatterplot","CHART"
"139","li832lin23","happiness","ixn","FALSE","tooltip_brush_jointplot_happ_lifeExp3_li832lin23happiness,","scatterplot","scatterplot",FALSE,"scatterplot","CHART"
"140","li832lin23","happiness","ixn","TRUE","tooltip_brush_jointplot_happ_lifeExp3_li832lin23happiness,","scatterplot","scatterplot",FALSE,"scatterplot","CHART"
"141","li832lin23","happiness","ixn","TRUE","tooltip_brush_jointplot_happ_lifeExp3_li832lin23happiness,","scatterplot","scatterplot",FALSE,"scatterplot","CHART"
"142","li832lin23","happiness","ixn","FALSE","tooltip_brush_jointplot_happ_lifeExp3_li832lin23happiness,","scatterplot","scatterplot",FALSE,"scatterplot","CHART"
"143","li832lin23","happiness","ixn","FALSE","tooltip_brush_jointplot_happ_lifeExp3_li832lin23happiness,","scatterplot","scatterplot",FALSE,"scatterplot","CHART"
"144","li832lin23","happiness","ixn","TRUE","tooltip_brush_jointplot_gen_GDP_li832lin23happiness,","scatterplot","scatterplot",FALSE,"scatterplot","CHART"
"145","li832lin23","happiness","ixn","TRUE","tooltip_brush_jointplot_happ_lifeExp3_li832lin23happiness,","scatterplot","scatterplot",FALSE,"scatterplot","CHART"
"146","li832lin23","happiness","ixn","FALSE","display_haiti_li832lin23happiness,","dataframe","dataframe",FALSE,"TABLE","CODE"
"147","li832lin23","happiness","ixn","FALSE","display_haiti_li832lin23happiness,","dataframe","dataframe",FALSE,"TABLE","CODE"
"148","li832lin23","happiness","ixn","FALSE","tooltip_brush_jointplot_happ_col5_li832lin23happiness,","scatterplot","scatterplot",FALSE,"scatterplot","CHART"
"149","li832lin23","happiness","ixn","TRUE","tooltip_brush_jointplot_happ_col6_li832lin23happiness,","scatterplot","scatterplot",FALSE,"scatterplot","CHART"
"150","li832lin23","happiness","ixn","TRUE","tooltip_brush_jointplot_happ_col6_li832lin23happiness,","scatterplot","scatterplot",FALSE,"scatterplot","CHART"
"151","li832lin23","happiness","ixn","TRUE","tooltip_brush_jointplot_happ_col7_li832lin23happiness,","scatterplot","scatterplot",FALSE,"scatterplot","CHART"
"152","li832lin23","happiness","ixn","TRUE","tooltip_brush_jointplot_happ_col7_li832lin23happiness, df.query,","scatterplot","scatterplot",FALSE,"scatterplot","CHART"
"153","li832lin23","happiness","ixn","FALSE","tooltip_brush_jointplot_happ_col9_li832lin23happiness,","scatterplot","scatterplot",FALSE,"scatterplot","CHART"
"154","li832lin23","happiness","ixn","FALSE","tooltip_brush_jointplot_happ_col10_li832lin23happiness,","scatterplot","scatterplot",FALSE,"scatterplot","CHART"
"155","li832lin23","happiness","ixn","FALSE","tooltip_brush_jointplot_happ_col11_li832lin23happiness,","scatterplot","scatterplot",FALSE,"scatterplot","CHART"
"156","li832lin23","happiness","ixn","TRUE","tooltip_brush_jointplot_happ_col11_li832lin23happiness,","scatterplot","scatterplot",FALSE,"scatterplot","CHART"
"157","li832lin23","happiness","ixn","FALSE","tooltip_brush_barplot_avg_happiness_profile8_li832lin23happiness,","multiviewchart","multiviewchart",FALSE,"multi-view chart","CHART"
"158","li832lin23","happiness","ixn","TRUE","tooltip_brush_barplot_avg_happiness_profile8_li832lin23happiness,","multiviewchart","multiviewchart",FALSE,"multi-view chart","CHART"
"159","li832lin23","happiness","ixn","TRUE","tooltip_brush_barplot_avg_happiness_profile8_li832lin23happiness,","multiviewchart","multiviewchart",FALSE,"multi-view chart","CHART"
"160","li832lin23","happiness","ixn","TRUE","tooltip_brush_barplot_avg_happiness_profile8_li832lin23happiness,","multiviewchart","multiviewchart",FALSE,"multi-view chart","CHART"
"161","li832lin23","happiness","ixn","FALSE","null_check_li832lin23happiness,","python","python",FALSE,"CODE","CODE"
"242","7382kwtue","happiness","ixn","TRUE","profile_df_7382kwtuehappiness,","profile","profile",FALSE,"profile","CHART"
"243","7382kwtue","happiness","ixn","TRUE","profile_df_7382kwtuehappiness,","profile","profile",FALSE,"profile","CHART"
"244","7382kwtue","happiness","ixn","TRUE","corruption_confidence_scatter_brush_sized_7382kwtuehappiness,","scatterplot","scatterplot",FALSE,"scatterplot","CHART"
"245","7382kwtue","happiness","ixn","FALSE","corruption_confidence_hover_pan_zoom_color_freedomQ_separate_encoding_scatter_bigger_7382kwtuehappiness,","scatterplot","scatterplot",FALSE,"scatterplot","CHART"
"246","7382kwtue","happiness","ixn","FALSE","corruption_confidence_hover_pan_zoom_color_generosityQ_separate_encoding_scatter_7382kwtuehappiness,","scatterplot","scatterplot",FALSE,"scatterplot","CHART"
"247","7382kwtue","happiness","ixn","FALSE","corruption_confidence_hover_pan_zoom_color_positive_affectQ_separate_encoding_scatter_2_7382kwtuehappiness,","scatterplot","scatterplot",FALSE,"scatterplot","CHART"
"248","7382kwtue","happiness","ixn","FALSE","corruption_confidence_hover_pan_zoom_color_positive_affectQ_separate_encoding_scatter_3_7382kwtuehappiness,","scatterplot","scatterplot",FALSE,"scatterplot","CHART"
"249","7382kwtue","happiness","ixn","FALSE","positiveAffect_corruption_hover_pan_zoom_encode_scatter_7382kwtuehappiness,","scatterplot","scatterplot",FALSE,"scatterplot","CHART"
"250","7382kwtue","happiness","ixn","TRUE","positiveAffect_corruption_hover_pan_zoom_encode_color_alt_logGDP_scatter_7382kwtuehappiness,","scatterplot","scatterplot",FALSE,"scatterplot","CHART"
"251","7382kwtue","happiness","ixn","TRUE","positiveAffect_corruption_hover_pan_zoom_encode_color_alt_logGDP_scatter_3_7382kwtuehappiness,","scatterplot","scatterplot",FALSE,"scatterplot","CHART"
"252","7382kwtue","happiness","ixn","TRUE","positiveAffect_corruption_hover_pan_zoom_encode_color_alt_logGDP_scatter_3_7382kwtuehappiness,","scatterplot","scatterplot",FALSE,"scatterplot","CHART"
"253","7382kwtue","happiness","ixn","TRUE","positiveAffect_corruption_hover_pan_zoom_encode_color_alt_logGDP_scatter_3_7382kwtuehappiness,","scatterplot","scatterplot",FALSE,"scatterplot","CHART"
"254","7382kwtue","happiness","ixn","TRUE","affect_corruption_brush_7382kwtuehappiness, country_count_plot_7382kwtuehappiness,","multiviewchart","multiviewchart",FALSE,"multi-view chart","CHART"
"255","7382kwtue","happiness","ixn","TRUE","affect_corruption_brush_7382kwtuehappiness, country_count_plot_7382kwtuehappiness,","multiviewchart","multiviewchart",FALSE,"multi-view chart","CHART"
"256","7382kwtue","happiness","ixn","TRUE","socialSupport_freedom_posAffect_7382kwtuehappiness,","scatterplot","scatterplot",FALSE,"scatterplot","CHART"
"257","7382kwtue","happiness","ixn","FALSE","create_aretheypositive_col_axis_7382kwtuehappiness,","python","python",FALSE,"CODE","CODE"
"258","7382kwtue","happiness","ixn","TRUE","socialSupport_freedom_aretheypositive_7382kwtuehappiness, create_aretheypositive_col_axis_7382kwtuehappiness,","scatterplot","scatterplot",FALSE,"scatterplot","CHART"
"259","7382kwtue","happiness","ixn","FALSE",NA,"none","none",FALSE,"NONE","NONE"
"441","E1D39056","happiness","ixn","FALSE","profile_df_E1D39056happiness,","profile","profile",FALSE,"profile","CHART"
"442","E1D39056","happiness","ixn","FALSE","profile_df_any_na_E1D39056happiness,","profile","profile",FALSE,"profile","CHART"
"443","E1D39056","happiness","ixn","FALSE",NA,"none","none",FALSE,"NONE","NONE"
"444","E1D39056","happiness","ixn","FALSE","gov_confidence_corruption_jointplot_E1D39056happiness,","scatterplot","scatterplot",FALSE,"scatterplot","CHART"
"445","E1D39056","happiness","ixn","TRUE","tooltip_positive_support_jointplot_E1D39056happiness,","scatterplot","scatterplot",FALSE,"scatterplot","CHART"
"446","E1D39056","happiness","ixn","TRUE","tooltip_positive_negative_jointplot_E1D39056happiness,","scatterplot","scatterplot",FALSE,"scatterplot","CHART"
"447","E1D39056","happiness","ixn","FALSE","pairplot_df_E1D39056happiness,","pairplot","pairplot",FALSE,"pairplot","CHART"
"448","E1D39056","happiness","ixn","FALSE","pairplot_df_E1D39056happiness,","pairplot","pairplot",FALSE,"pairplot","CHART"
"449","E1D39056","happiness","ixn","FALSE","pairplot_df_E1D39056happiness,","pairplot","pairplot",FALSE,"pairplot","CHART"
"450","E1D39056","happiness","ixn","TRUE","subset_columns_assignment_yearfilter_pairplot_E1D39056happiness,","pairplot","pairplot",FALSE,"pairplot","CHART"
"451","E1D39056","happiness","ixn","TRUE","subset_columns_assignment_yearfilter_pairplot_E1D39056happiness,","pairplot","pairplot",FALSE,"pairplot","CHART"
"452","E1D39056","happiness","ixn","TRUE","subset_columns_assignment_yearfilter_pairplot_E1D39056happiness,","pairplot","pairplot",FALSE,"pairplot","CHART"
"453","E1D39056","happiness","ixn","TRUE","subset_columns_assignment_yearfilter_pairplot_E1D39056happiness,","pairplot","pairplot",FALSE,"pairplot","CHART"
"454","E1D39056","happiness","ixn","TRUE","subset_columns_assignment_yearfilter_pairplot_E1D39056happiness,","pairplot","pairplot",FALSE,"pairplot","CHART"
"480","8v892iige","happiness","ixn","FALSE","load_happiness_csv_head_8v892iigehappiness,","dataframe","dataframe",FALSE,"TABLE","CODE"
"481","8v892iige","happiness","ixn","FALSE","profile_all_columns3_8v892iigehappiness,","profile","profile",FALSE,"profile","CHART"
"482","8v892iige","happiness","ixn","FALSE","profile_all_columns3_8v892iigehappiness,","profile","profile",FALSE,"profile","CHART"
"483","8v892iige","happiness","ixn","FALSE","profile_all_columns3_8v892iigehappiness,","profile","profile",FALSE,"profile","CHART"
"485","8v892iige","happiness","ixn","FALSE","df_describe_transpose2_8v892iigehappiness,","describe","describe",FALSE,"TABLE","CODE"
"486","8v892iige","happiness","ixn","FALSE","df_describe_transpose2_8v892iigehappiness,","describe","describe",FALSE,"TABLE","CODE"
"487","8v892iige","happiness","ixn","FALSE","df_describe_transpose2_8v892iigehappiness,","describe","describe",FALSE,"TABLE","CODE"
"488","8v892iige","happiness","ixn","FALSE","df_describe_transpose2_8v892iigehappiness,","describe","describe",FALSE,"TABLE","CODE"
"489","8v892iige","happiness","ixn","FALSE","df_describe_transpose2_8v892iigehappiness,","describe","describe",FALSE,"TABLE","CODE"
"490","8v892iige","happiness","ixn","FALSE","df_describe_transpose2_8v892iigehappiness,","describe","describe",FALSE,"TABLE","CODE"
"491","8v892iige","happiness","ixn","FALSE","df_describe_transpose2_8v892iigehappiness,","describe","describe",FALSE,"TABLE","CODE"
"492","8v892iige","happiness","ixn","FALSE","scatterplot_GDP_happiness_8v892iigehappiness,","scatterplot","scatterplot",FALSE,"scatterplot","CHART"
"493","8v892iige","happiness","ixn","FALSE","scatterplot_GDP_happiness_8v892iigehappiness,","scatterplot","scatterplot",FALSE,"scatterplot","CHART"
"494","8v892iige","happiness","ixn","FALSE","scatterplot_GDP_happiness_8v892iigehappiness,","scatterplot","scatterplot",FALSE,"scatterplot","CHART"
"495","8v892iige","happiness","ixn","FALSE","scatterplot_GDP_happiness_8v892iigehappiness,","scatterplot","scatterplot",FALSE,"scatterplot","CHART"
"496","8v892iige","happiness","ixn","FALSE","scatterplot_lowCorruption_GDP_happiness_8v892iigehappiness,","scatterplot","scatterplot",FALSE,"scatterplot","CHART"
"497","8v892iige","happiness","ixn","FALSE","scatterplot_highCorruption_GDP_happiness_8v892iigehappiness, scatterplot_lowCorruption_GDP_happiness_8v892iigehappiness,","scatterplot","scatterplot",FALSE,"scatterplot","CHART"
"498","8v892iige","happiness","ixn","FALSE","scatterplot_lowCorruption_GDP_happiness_8v892iigehappiness,","scatterplot","scatterplot",FALSE,"scatterplot","CHART"
"499","8v892iige","happiness","ixn","FALSE","df_describe_transpose2_8v892iigehappiness,","describe","describe",FALSE,"TABLE","CODE"
"500","8v892iige","happiness","ixn","FALSE","df_describe_transpose2_8v892iigehappiness,","describe","describe",FALSE,"TABLE","CODE"
"501","8v892iige","happiness","ixn","FALSE","df_describe_transpose2_8v892iigehappiness,","describe","describe",FALSE,"TABLE","CODE"
"2140","j2719eertu2","happiness","ixn","TRUE","yearFilter_freedom_happiness_profile_barplot_combo_wider_j2719eertu2happiness,","multiviewchart","multiviewchart",FALSE,"multi-view chart","CHART"
"2143","j2719eertu2","happiness","ixn","TRUE","yearFilter_freedom_happiness_profile_barplot_combo_wider_j2719eertu2happiness,","multiviewchart","multiviewchart",FALSE,"multi-view chart","CHART"
"2146","j2719eertu2","happiness","ixn","TRUE","yearFilter_logGDP_happiness_profile_barplot_combo_j2719eertu2happiness,","multiviewchart","multiviewchart",FALSE,"multi-view chart","CHART"
"2176","lkin27js09b","happiness","ixn","FALSE","data_dictionary,","dictionary","dictionary",FALSE,"TABLE","CODE"
"2177","lkin27js09b","happiness","ixn","FALSE","data_dictionary,","dictionary","dictionary",FALSE,"TABLE","CODE"
"2183","lkin27js09b","happiness","ixn","FALSE","interactive_tutorial,","none","none",FALSE,"NONE","NONE"
"2185","lkin27js09b","happiness","ixn","FALSE","barplot_country2_lkin27js09bhappiness,","barplot","barplot",FALSE,"barplot","CHART"
"2211","li832lin23","happiness","ixn","FALSE",NA,"none","none",FALSE,"NONE","NONE"
"2218","li832lin23","happiness","ixn","FALSE","tooltip_brush_jointplot_happ_lifeExp3_li832lin23happiness,","scatterplot","scatterplot",FALSE,"scatterplot","CHART"
"2232","li832lin23","happiness","ixn","FALSE","tooltip_brush_barplot_avg_happiness_profile8_li832lin23happiness,","multiviewchart","multiviewchart",FALSE,"multi-view chart","CHART"
"2233","li832lin23","happiness","ixn","TRUE","tooltip_brush_barplot_avg_happiness_profile8_li832lin23happiness,","multiviewchart","multiviewchart",FALSE,"multi-view chart","CHART"
"2320","7382kwtue","happiness","ixn","FALSE","corruption_confidence_hover_pan_zoom_color_freedomQ_separate_encoding_scatter_bigger_7382kwtuehappiness,","scatterplot","scatterplot",FALSE,"scatterplot","CHART"
"2321","7382kwtue","happiness","ixn","FALSE","corruption_confidence_hover_pan_zoom_color_generosityQ_separate_encoding_scatter_7382kwtuehappiness,","scatterplot","scatterplot",FALSE,"scatterplot","CHART"
"2322","7382kwtue","happiness","ixn","FALSE","corruption_confidence_hover_pan_zoom_color_positive_affectQ_separate_encoding_scatter_2_7382kwtuehappiness,","scatterplot","scatterplot",FALSE,"scatterplot","CHART"
"2323","7382kwtue","happiness","ixn","FALSE","corruption_confidence_hover_pan_zoom_color_positive_affectQ_separate_encoding_scatter_3_7382kwtuehappiness,","scatterplot","scatterplot",FALSE,"scatterplot","CHART"
"2324","7382kwtue","happiness","ixn","FALSE","positiveAffect_corruption_hover_pan_zoom_encode_scatter_7382kwtuehappiness,","scatterplot","scatterplot",FALSE,"scatterplot","CHART"
"2325","7382kwtue","happiness","ixn","TRUE","positiveAffect_corruption_hover_pan_zoom_encode_color_alt_logGDP_scatter_7382kwtuehappiness,","scatterplot","scatterplot",FALSE,"scatterplot","CHART"
"2326","7382kwtue","happiness","ixn","TRUE","positiveAffect_corruption_hover_pan_zoom_encode_color_alt_logGDP_scatter_3_7382kwtuehappiness,","scatterplot","scatterplot",FALSE,"scatterplot","CHART"
"2327","7382kwtue","happiness","ixn","TRUE","positiveAffect_corruption_hover_pan_zoom_encode_color_alt_logGDP_scatter_3_7382kwtuehappiness,","scatterplot","scatterplot",FALSE,"scatterplot","CHART"
"2328","7382kwtue","happiness","ixn","TRUE","positiveAffect_corruption_hover_pan_zoom_encode_color_alt_logGDP_scatter_3_7382kwtuehappiness,","scatterplot","scatterplot",FALSE,"scatterplot","CHART"
"2329","7382kwtue","happiness","ixn","TRUE","affect_corruption_brush_7382kwtuehappiness, country_count_plot_7382kwtuehappiness,","multiviewchart","multiviewchart",FALSE,"multi-view chart","CHART"
"2330","7382kwtue","happiness","ixn","TRUE","affect_corruption_brush_7382kwtuehappiness, country_count_plot_7382kwtuehappiness,","multiviewchart","multiviewchart",FALSE,"multi-view chart","CHART"
"2334","7382kwtue","happiness","ixn","FALSE",NA,"none","none",FALSE,"NONE","NONE"
"2517","E1D39056","happiness","ixn","FALSE","profile_df_any_na_E1D39056happiness,","profile","profile",FALSE,"profile","CHART"
"173","bjs827ee1u","space","ixn","FALSE","data_dictionary,","dictionary","dictionary",FALSE,"TABLE","CODE"
"174","bjs827ee1u","space","ixn","FALSE","display_df_bjs827ee1uspace,","dataframe","dataframe",FALSE,"TABLE","CODE"
"175","bjs827ee1u","space","ixn","FALSE","display_df_bjs827ee1uspace,","dataframe","dataframe",FALSE,"TABLE","CODE"
"176","bjs827ee1u","space","ixn","FALSE","Age_CryoSleep_scatterplot_bjs827ee1uspace,","scatterplot","scatterplot",FALSE,"scatterplot","CHART"
"177","bjs827ee1u","space","ixn","TRUE","Age_CryoSleep_scatterplot_bjs827ee1uspace,","scatterplot","scatterplot",FALSE,"scatterplot","CHART"
"178","bjs827ee1u","space","ixn","FALSE","display_df_bjs827ee1uspace,","dataframe","dataframe",FALSE,"TABLE","CODE"
"179","bjs827ee1u","space","ixn","FALSE","display_df_bjs827ee1uspace,","dataframe","dataframe",FALSE,"TABLE","CODE"
"180","bjs827ee1u","space","ixn","TRUE","VIP_survived_scatterplot_4_bjs827ee1uspace,","scatterplot","scatterplot",FALSE,"scatterplot","CHART"
"181","bjs827ee1u","space","ixn","FALSE","count_survived_bjs827ee1uspace,","python","python",FALSE,"CODE","CODE"
"182","bjs827ee1u","space","ixn","FALSE","count_filtered_df1_bjs827ee1uspace,","python","python",FALSE,"CODE","CODE"
"183","bjs827ee1u","space","ixn","FALSE","count_filtered_df1_bjs827ee1uspace, VIP_survived_filter2_len_bjs827ee1uspace,","python","python",FALSE,"CODE","CODE"
"184","bjs827ee1u","space","ixn","FALSE","count_vip_true_bjs827ee1uspace, count_vip_false_bjs827ee1uspace,","python","python",FALSE,"CODE","CODE"
"185","bjs827ee1u","space","ixn","FALSE","Age_RoomService_scatterplot_1_bjs827ee1uspace,","scatterplot","scatterplot",FALSE,"scatterplot","CHART"
"186","bjs827ee1u","space","ixn","TRUE","Age_RoomService_scatterplot_with_pan_repeat_bjs827ee1uspace,","scatterplot","scatterplot",FALSE,"scatterplot","CHART"
"187","bjs827ee1u","space","ixn","TRUE","Age_ShoppingMall_scatterplot_bjs827ee1uspace, high_shopping_df,","scatterplot","scatterplot",FALSE,"scatterplot","CHART"
"188","3r2sh20ei","space","ixn","FALSE","display_dataframe_3r2sh20eispace,","dataframe","dataframe",FALSE,"TABLE","CODE"
"189","3r2sh20ei","space","ixn","FALSE","data_dictionary,","dictionary","dictionary",FALSE,"TABLE","CODE"
"190","3r2sh20ei","space","ixn","FALSE","data_dictionary,","dictionary","dictionary",FALSE,"TABLE","CODE"
"191","3r2sh20ei","space","ixn","FALSE","data_dictionary,","dictionary","dictionary",FALSE,"TABLE","CODE"
"192","3r2sh20ei","space","ixn","FALSE","data_dictionary,","dictionary","dictionary",FALSE,"TABLE","CODE"
"193","3r2sh20ei","space","ixn","FALSE","data_dictionary,","dictionary","dictionary",FALSE,"TABLE","CODE"
"194","3r2sh20ei","space","ixn","FALSE","data_dictionary,","dictionary","dictionary",FALSE,"TABLE","CODE"
"195","3r2sh20ei","space","ixn","FALSE","data_dictionary,","dictionary","dictionary",FALSE,"TABLE","CODE"
"196","3r2sh20ei","space","ixn","FALSE","data_dictionary,","dictionary","dictionary",FALSE,"TABLE","CODE"
"197","3r2sh20ei","space","ixn","FALSE","data_dictionary,","dictionary","dictionary",FALSE,"TABLE","CODE"
"198","3r2sh20ei","space","ixn","FALSE","data_dictionary,","dictionary","dictionary",FALSE,"TABLE","CODE"
"199","3r2sh20ei","space","ixn","FALSE","data_dictionary,","dictionary","dictionary",FALSE,"TABLE","CODE"
"200","3r2sh20ei","space","ixn","FALSE","data_dictionary,","dictionary","dictionary",FALSE,"TABLE","CODE"
"201","3r2sh20ei","space","ixn","FALSE","profile_dataframe_3r2sh20eispace,","profile","profile",FALSE,"profile","CHART"
"202","3r2sh20ei","space","ixn","FALSE","profile_dataframe_3r2sh20eispace,","profile","profile",FALSE,"profile","CHART"
"203","3r2sh20ei","space","ixn","FALSE","profile_dataframe_3r2sh20eispace,","profile","profile",FALSE,"profile","CHART"
"204","3r2sh20ei","space","ixn","FALSE","profile_dataframe_3r2sh20eispace,","profile","profile",FALSE,"profile","CHART"
"205","3r2sh20ei","space","ixn","FALSE","profile_dataframe_3r2sh20eispace,","profile","profile",FALSE,"profile","CHART"
"206","3r2sh20ei","space","ixn","FALSE","profile_dataframe_3r2sh20eispace,","profile","profile",FALSE,"profile","CHART"
"207","3r2sh20ei","space","ixn","FALSE","profile_dataframe_3r2sh20eispace, unique_passenger_id_3r2sh20eispace,","profile","profile",FALSE,"profile","CHART"
"208","3r2sh20ei","space","ixn","FALSE","profile_dataframe_3r2sh20eispace,","profile","profile",FALSE,"profile","CHART"
"209","3r2sh20ei","space","ixn","FALSE","profile_dataframe_3r2sh20eispace,","profile","profile",FALSE,"profile","CHART"
"210","3r2sh20ei","space","ixn","FALSE","profile_dataframe_3r2sh20eispace, vip_value_counts_3r2sh20eispace, null_rows_dataframe_3r2sh20eispace,","dataframe","dataframe",TRUE,"TABLE","CODE"
"210","3r2sh20ei","space","ixn","FALSE","profile_dataframe_3r2sh20eispace, vip_value_counts_3r2sh20eispace, null_rows_dataframe_3r2sh20eispace,","profile","profile",TRUE,"profile","CHART"
"211","3r2sh20ei","space","ixn","FALSE","profile_dataframe_3r2sh20eispace,","profile","profile",FALSE,"profile","CHART"
"212","3r2sh20ei","space","ixn","FALSE","profile_dataframe_3r2sh20eispace,","profile","profile",FALSE,"profile","CHART"
"213","3r2sh20ei","space","ixn","FALSE",NA,"none","none",FALSE,"NONE","NONE"
"214","3r2sh20ei","space","ixn","FALSE","profile_dataframe_3r2sh20eispace,","profile","profile",FALSE,"profile","CHART"
"215","3r2sh20ei","space","ixn","FALSE","dataframe_dtypes_3r2sh20eispace,","python","python",FALSE,"CODE","CODE"
"216","3r2sh20ei","space","ixn","FALSE","profile_survived-2_3r2sh20eispace, profile_deceased_3r2sh20eispace,","double-profiler","double-profiler",FALSE,"profile","CHART"
"217","3r2sh20ei","space","ixn","FALSE","profile_survived-2_3r2sh20eispace, profile_deceased_3r2sh20eispace,","double-profiler","double-profiler",FALSE,"profile","CHART"
"218","3r2sh20ei","space","ixn","FALSE","profile_survived-2_3r2sh20eispace, profile_deceased_3r2sh20eispace,","double-profiler","double-profiler",FALSE,"profile","CHART"
"219","3r2sh20ei","space","ixn","FALSE","profile_survived-2_3r2sh20eispace, profile_deceased_3r2sh20eispace,","double-profiler","double-profiler",FALSE,"profile","CHART"
"287","4728sjuiz","space","ixn","FALSE","null_count_plot_4728sjuizspace,","scatterplot","scatterplot",FALSE,"scatterplot","CHART"
"288","4728sjuiz","space","ixn","FALSE","row_null_check_4728sjuizspace,","python","python",FALSE,"CODE","CODE"
"289","4728sjuiz","space","ixn","FALSE","pairplot_df_4728sjuizspace,","pairplot","pairplot",FALSE,"pairplot","CHART"
"290","4728sjuiz","space","ixn","FALSE","null_row_percentage100_4728sjuizspace,","python","python",FALSE,"CODE","CODE"
"291","4728sjuiz","space","ixn","FALSE","pairplot_df_4728sjuizspace,","pairplot","pairplot",FALSE,"pairplot","CHART"
"292","4728sjuiz","space","ixn","FALSE","pairplot_df_4728sjuizspace,","pairplot","pairplot",FALSE,"pairplot","CHART"
"293","4728sjuiz","space","ixn","FALSE","pairplot_df_4728sjuizspace, data_dictionary,","multiviewchart","multiviewchart",FALSE,"multi-view chart","CHART"
"294","4728sjuiz","space","ixn","FALSE","pairplot_df_4728sjuizspace, intro_text,","pairplot","pairplot",FALSE,"pairplot","CHART"
"295","4728sjuiz","space","ixn","TRUE","display_pan_zoom_4728sjuizspace, pan_zoom_scatter_4728sjuizspace,","scatterplot","scatterplot",FALSE,"scatterplot","CHART"
"296","4728sjuiz","space","ixn","TRUE","display_pan_zoom_4728sjuizspace, pan_zoom_scatter_4728sjuizspace,","scatterplot","scatterplot",FALSE,"scatterplot","CHART"
"297","4728sjuiz","space","ixn","TRUE","display_pan_zoom_4728sjuizspace, pan_zoom_scatter_4728sjuizspace,","scatterplot","scatterplot",FALSE,"scatterplot","CHART"
"298","4728sjuiz","space","ixn","TRUE","display_pan_zoom_4728sjuizspace, pan_zoom_scatter_4728sjuizspace,","scatterplot","scatterplot",FALSE,"scatterplot","CHART"
"368","7ACC0B75","space","ixn","FALSE","profile_all_columns8_7ACC0B75space,","profile","profile",FALSE,"profile","CHART"
"369","7ACC0B75","space","ixn","FALSE","profile_all_columns8_7ACC0B75space,","profile","profile",FALSE,"profile","CHART"
"370","7ACC0B75","space","ixn","TRUE","profile_all_columns8_7ACC0B75space,","profile","profile",FALSE,"profile","CHART"
"371","7ACC0B75","space","ixn","FALSE","FoodCourt_max1_7ACC0B75space, filter_FoodCourt_max1_7ACC0B75space,","dataframe","dataframe",FALSE,"TABLE","CODE"
"372","7ACC0B75","space","ixn","TRUE","profile_all_columns8_7ACC0B75space,","profile","profile",FALSE,"profile","CHART"
"373","7ACC0B75","space","ixn","TRUE","profile_all_columns8_7ACC0B75space,","profile","profile",FALSE,"profile","CHART"
"374","7ACC0B75","space","ixn","TRUE","profile_all_columns8_7ACC0B75space,","profile","profile",FALSE,"profile","CHART"
"375","7ACC0B75","space","ixn","TRUE","profile_all_columns8_7ACC0B75space,","profile","profile",FALSE,"profile","CHART"
"376","7ACC0B75","space","ixn","TRUE","age_CryoSleep_ShoppingMall_vs_HomePlanet_composed1_7ACC0B75space,","scatterplot","scatterplot",FALSE,"scatterplot","CHART"
"411","92ghd48xe","space","ixn","FALSE","df_92ghd48xespace,","dataframe","dataframe",FALSE,"TABLE","CODE"
"412","92ghd48xe","space","ixn","FALSE","df_92ghd48xespace,","dataframe","dataframe",FALSE,"TABLE","CODE"
"413","92ghd48xe","space","ixn","FALSE","data_dictionary,","dictionary","dictionary",FALSE,"TABLE","CODE"
"414","92ghd48xe","space","ixn","FALSE","df_92ghd48xespace,","dataframe","dataframe",FALSE,"TABLE","CODE"
"415","92ghd48xe","space","ixn","FALSE","homeplanet_group_count_survived_92ghd48xespace,","python","python",FALSE,"CODE","CODE"
"416","92ghd48xe","space","ixn","FALSE","filter_homeplanet_survived_false_homeplanet_value_counts_92ghd48xespace, filter_homeplanet_survived_true_homeplanet_value_counts_92ghd48xespace,","python","python",FALSE,"CODE","CODE"
"417","92ghd48xe","space","ixn","FALSE","survived_describe_92ghd48xespace, no_survive_describe_92ghd48xespace,","python","python",FALSE,"CODE","CODE"
"418","92ghd48xe","space","ixn","FALSE","survived_describe_92ghd48xespace, no_survive_describe_92ghd48xespace,","python","python",FALSE,"CODE","CODE"
"419","92ghd48xe","space","ixn","FALSE","survived_describe_92ghd48xespace, no_survive_describe_92ghd48xespace,","python","python",FALSE,"CODE","CODE"
"420","92ghd48xe","space","ixn","FALSE","alx_countplot_survived_92ghd48xespace,","barplot","barplot",FALSE,"barplot","CHART"
"421","92ghd48xe","space","ixn","FALSE","survived_describe_92ghd48xespace, no_survive_describe_92ghd48xespace, data_dictionary,","dictionary","dictionary",FALSE,"TABLE","CODE"
"422","92ghd48xe","space","ixn","FALSE","survived_describe_92ghd48xespace, no_survive_describe_92ghd48xespace,","python","python",FALSE,"CODE","CODE"
"423","92ghd48xe","space","ixn","FALSE","alx_barplot_df_survived_average_roomservice_2_92ghd48xespace,","barplot","barplot",FALSE,"barplot","CHART"
"424","92ghd48xe","space","ixn","FALSE","alx_barplot_df_homeplanet_average_foodcourt_92ghd48xespace,","barplot","barplot",FALSE,"barplot","CHART"
"425","92ghd48xe","space","ixn","FALSE","alx_barplot_df_homeplanet_average_foodcourt_92ghd48xespace,","barplot","barplot",FALSE,"barplot","CHART"
"426","92ghd48xe","space","ixn","FALSE",NA,"none","none",FALSE,"NONE","NONE"
"427","92ghd48xe","space","ixn","FALSE","alx_barplot_df_homeplanet_average_roomservice_92ghd48xespace,","barplot","barplot",FALSE,"barplot","CHART"
"428","92ghd48xe","space","ixn","FALSE","survived_describe_roomservice_foodcourt_shoppingmall_92ghd48xespace, no_survive_describe_92ghd48xespace,","python","python",FALSE,"CODE","CODE"
"429","92ghd48xe","space","ixn","FALSE","sum_groupby_homeplanet_92ghd48xespace,","python","python",FALSE,"CODE","CODE"
"430","92ghd48xe","space","ixn","FALSE","sum_groupby_homeplanet_92ghd48xespace, survived_describe_92ghd48xespace, no_survive_describe_92ghd48xespace,","python","python",FALSE,"CODE","CODE"
"431","92ghd48xe","space","ixn","FALSE",NA,"none","none",FALSE,"NONE","NONE"
"543","iurmer289","space","ixn","FALSE","titanic_df_head_iurmer289space,","dataframe","dataframe",FALSE,"TABLE","CODE"
"544","iurmer289","space","ixn","FALSE","titanic_df_head_iurmer289space,","dataframe","dataframe",FALSE,"TABLE","CODE"
"545","iurmer289","space","ixn","FALSE","titanic_df_info_iurmer289space,","info","info",FALSE,"TABLE","CODE"
"546","iurmer289","space","ixn","FALSE","titanic_df_info_iurmer289space,","info","info",FALSE,"TABLE","CODE"
"547","iurmer289","space","ixn","FALSE","titanic_df_head_iurmer289space, intro_text,","dataframe","dataframe",FALSE,"TABLE","CODE"
"548","iurmer289","space","ixn","FALSE","titanic_df_head_iurmer289space,","dataframe","dataframe",FALSE,"TABLE","CODE"
"549","iurmer289","space","ixn","FALSE","titanic_df_info_iurmer289space,","info","info",FALSE,"TABLE","CODE"
"550","iurmer289","space","ixn","FALSE","titanic_df_info_iurmer289space,","info","info",FALSE,"TABLE","CODE"
"551","iurmer289","space","ixn","FALSE","interactive_tutorial,","none","none",FALSE,"NONE","NONE"
"552","iurmer289","space","ixn","FALSE","interactive_tutorial,","none","none",FALSE,"NONE","NONE"
"553","iurmer289","space","ixn","FALSE","profile_and_barplot_count_iurmer289space,","multiviewchart","multiviewchart",FALSE,"multi-view chart","CHART"
"554","iurmer289","space","ixn","FALSE","profile_and_barplot_count_iurmer289space,","multiviewchart","multiviewchart",FALSE,"multi-view chart","CHART"
"555","iurmer289","space","ixn","TRUE","profile_and_barplot_count_iurmer289space,","multiviewchart","multiviewchart",FALSE,"multi-view chart","CHART"
"556","iurmer289","space","ixn","TRUE","profile_and_barplot_count_iurmer289space,","multiviewchart","multiviewchart",FALSE,"multi-view chart","CHART"
"557","iurmer289","space","ixn","TRUE","profile_and_barplot_count_iurmer289space,","multiviewchart","multiviewchart",FALSE,"multi-view chart","CHART"
"558","iurmer289","space","ixn","TRUE","profile_and_barplot_count_iurmer289space,","multiviewchart","multiviewchart",FALSE,"multi-view chart","CHART"
"559","iurmer289","space","ixn","TRUE","profile_and_barplot_count_iurmer289space,","multiviewchart","multiviewchart",FALSE,"multi-view chart","CHART"
"560","iurmer289","space","ixn","TRUE","profile_and_barplot_count_iurmer289space,","multiviewchart","multiviewchart",FALSE,"multi-view chart","CHART"
"561","iurmer289","space","ixn","TRUE","profile_and_barplot_count_iurmer289space,","multiviewchart","multiviewchart",FALSE,"multi-view chart","CHART"
"562","iurmer289","space","ixn","FALSE","query_earth_iurmer289space,","dataframe","dataframe",FALSE,"TABLE","CODE"
"563","iurmer289","space","ixn","FALSE","interactive_tutorial,","none","none",FALSE,"NONE","NONE"
"564","iurmer289","space","ixn","FALSE","titanic_df_head_iurmer289space,","dataframe","dataframe",FALSE,"TABLE","CODE"
"565","iurmer289","space","ixn","FALSE",NA,"none","none",FALSE,"NONE","NONE"
"566","iurmer289","space","ixn","FALSE","interactive_tutorial,","none","none",FALSE,"NONE","NONE"
"567","iurmer289","space","ixn","FALSE","interactive_tutorial,","none","none",FALSE,"NONE","NONE"
"568","iurmer289","space","ixn","FALSE","titanic_df_head_iurmer289space,","dataframe","dataframe",FALSE,"TABLE","CODE"
"569","iurmer289","space","ixn","FALSE",NA,"none","none",FALSE,"NONE","NONE"
"570","iurmer289","space","ixn","FALSE","data_dictionary,","dictionary","dictionary",FALSE,"TABLE","CODE"
"571","iurmer289","space","ixn","FALSE","titanic_df_head_iurmer289space,","dataframe","dataframe",FALSE,"TABLE","CODE"
"572","iurmer289","space","ixn","FALSE","highlight_brush_tooltip_scatterplot_iurmer289space,","scatterplot","scatterplot",FALSE,"scatterplot","CHART"
"573","iurmer289","space","ixn","TRUE","tooltip_scatterplot_without_size_iurmer289space,","scatterplot","scatterplot",FALSE,"scatterplot","CHART"
"574","iurmer289","space","ixn","FALSE","tooltip_scatterplot_without_size_iurmer289space,","scatterplot","scatterplot",FALSE,"scatterplot","CHART"
"575","iurmer289","space","ixn","TRUE","tooltip_scatterplot_without_size_iurmer289space,","scatterplot","scatterplot",FALSE,"scatterplot","CHART"
"576","iurmer289","space","ixn","FALSE","titanic_df_head_iurmer289space,","dataframe","dataframe",FALSE,"TABLE","CODE"
"577","iurmer289","space","ixn","FALSE","data_dictionary,","dictionary","dictionary",FALSE,"TABLE","CODE"
"578","iurmer289","space","ixn","FALSE","compute_spending_v2_iurmer289space,","dataframe","dataframe",FALSE,"TABLE","CODE"
"579","iurmer289","space","ixn","FALSE","highlight_brush_tooltip_barplot_spending_iurmer289space,","multiviewchart","multiviewchart",FALSE,"multi-view chart","CHART"
"580","iurmer289","space","ixn","FALSE","profile_and_barplot_count_iurmer289space,","multiviewchart","multiviewchart",FALSE,"multi-view chart","CHART"
"581","iurmer289","space","ixn","FALSE","highlight_brush_tooltip_barplot_spending_iurmer289space,","multiviewchart","multiviewchart",FALSE,"multi-view chart","CHART"
"637","s294hoei","space","ixn","FALSE","data_dictionary,","dictionary","dictionary",FALSE,"TABLE","CODE"
"638","s294hoei","space","ixn","FALSE","data_dictionary,","dictionary","dictionary",FALSE,"TABLE","CODE"
"639","s294hoei","space","ixn","FALSE","data_dictionary,","dictionary","dictionary",FALSE,"TABLE","CODE"
"640","s294hoei","space","ixn","FALSE","data_dictionary,","dictionary","dictionary",FALSE,"TABLE","CODE"
"641","s294hoei","space","ixn","FALSE","data_dictionary,","dictionary","dictionary",FALSE,"TABLE","CODE"
"642","s294hoei","space","ixn","FALSE","data_dictionary,","dictionary","dictionary",FALSE,"TABLE","CODE"
"643","s294hoei","space","ixn","FALSE","survived_count_initial_s294hoeispace,","python","python",FALSE,"CODE","CODE"
"644","s294hoei","space","ixn","FALSE","survived_percentage_wrong_arg_s294hoeispace,","python","python",FALSE,"CODE","CODE"
"645","s294hoei","space","ixn","FALSE","combined_profile_with_wrong_columns_s294hoeispace,","profile","profile",FALSE,"profile","CHART"
"646","s294hoei","space","ixn","FALSE","combined_profile_with_wrong_columns_s294hoeispace,","profile","profile",FALSE,"profile","CHART"
"647","s294hoei","space","ixn","FALSE","combined_profile_with_wrong_columns_s294hoeispace,","profile","profile",FALSE,"profile","CHART"
"648","s294hoei","space","ixn","FALSE","combined_profile_with_wrong_columns_s294hoeispace,","profile","profile",FALSE,"profile","CHART"
"649","s294hoei","space","ixn","FALSE","combined_profile_with_wrong_columns_s294hoeispace,","profile","profile",FALSE,"profile","CHART"
"650","s294hoei","space","ixn","FALSE","combined_profile_with_wrong_columns_s294hoeispace,","profile","profile",FALSE,"profile","CHART"
"651","s294hoei","space","ixn","FALSE","combined_profile_with_wrong_columns_s294hoeispace,","profile","profile",FALSE,"profile","CHART"
"652","s294hoei","space","ixn","FALSE","combined_profile_with_wrong_columns_s294hoeispace,","profile","profile",FALSE,"profile","CHART"
"653","s294hoei","space","ixn","TRUE","highlight_effect_barplot_s294hoeispace,","multiviewchart","multiviewchart",FALSE,"multi-view chart","CHART"
"654","s294hoei","space","ixn","TRUE","highlight_effect_barplot_s294hoeispace,","multiviewchart","multiviewchart",FALSE,"multi-view chart","CHART"
"655","s294hoei","space","ixn","TRUE","highlight_effect_barplot_s294hoeispace,","multiviewchart","multiviewchart",FALSE,"multi-view chart","CHART"
"656","s294hoei","space","ixn","FALSE","highlight_effect_barplot_s294hoeispace, space_titanic_corr_heatmap_s294hoeispace,","multiviewchart","multiviewchart",FALSE,"multi-view chart","CHART"
"657","s294hoei","space","ixn","FALSE","space_titanic_corr_heatmap_s294hoeispace,","heatmap","heatmap",FALSE,"heatmap","CHART"
"658","s294hoei","space","ixn","FALSE","space_titanic_corr_heatmap_s294hoeispace,","heatmap","heatmap",FALSE,"heatmap","CHART"
"659","s294hoei","space","ixn","TRUE","highlight_effect_barplot_s294hoeispace,","multiviewchart","multiviewchart",FALSE,"multi-view chart","CHART"
"660","s294hoei","space","ixn","FALSE","space_titanic_head_third_s294hoeispace,","dataframe","dataframe",FALSE,"TABLE","CODE"
"662","s294hoei","space","ixn","FALSE","space_titanic_corr_heatmap_s294hoeispace,","heatmap","heatmap",FALSE,"heatmap","CHART"
"663","s294hoei","space","ixn","TRUE","roomservice_highlight_count_repeated_s294hoeispace,","multiviewchart","multiviewchart",FALSE,"multi-view chart","CHART"
"664","s294hoei","space","ixn","TRUE","roomservice_highlight_count_repeated_s294hoeispace,","multiviewchart","multiviewchart",FALSE,"multi-view chart","CHART"
"2250","bjs827ee1u","space","ixn","FALSE","display_df_bjs827ee1uspace,","dataframe","dataframe",FALSE,"TABLE","CODE"
"2252","bjs827ee1u","space","ixn","TRUE","Age_CryoSleep_scatterplot_bjs827ee1uspace,","scatterplot","scatterplot",FALSE,"scatterplot","CHART"
"2256","bjs827ee1u","space","ixn","FALSE","count_survived_bjs827ee1uspace,","python","python",FALSE,"CODE","CODE"
"2263","3r2sh20ei","space","ixn","FALSE","display_dataframe_3r2sh20eispace,","dataframe","dataframe",FALSE,"TABLE","CODE"
"2276","3r2sh20ei","space","ixn","FALSE","profile_dataframe_3r2sh20eispace,","profile","profile",FALSE,"profile","CHART"
"2277","3r2sh20ei","space","ixn","FALSE","profile_dataframe_3r2sh20eispace,","profile","profile",FALSE,"profile","CHART"
"2285","3r2sh20ei","space","ixn","FALSE","profile_dataframe_3r2sh20eispace, vip_value_counts_3r2sh20eispace, null_rows_dataframe_3r2sh20eispace,","dataframe","dataframe",TRUE,"TABLE","CODE"
"2285","3r2sh20ei","space","ixn","FALSE","profile_dataframe_3r2sh20eispace, vip_value_counts_3r2sh20eispace, null_rows_dataframe_3r2sh20eispace,","profile","profile",TRUE,"profile","CHART"
"2286","3r2sh20ei","space","ixn","FALSE","profile_dataframe_3r2sh20eispace,","profile","profile",FALSE,"profile","CHART"
"2291","3r2sh20ei","space","ixn","FALSE","profile_survived-2_3r2sh20eispace, profile_deceased_3r2sh20eispace,","double-profiler","double-profiler",FALSE,"profile","CHART"
"2292","3r2sh20ei","space","ixn","FALSE","profile_survived-2_3r2sh20eispace, profile_deceased_3r2sh20eispace,","double-profiler","double-profiler",FALSE,"profile","CHART"
"2293","3r2sh20ei","space","ixn","FALSE","profile_survived-2_3r2sh20eispace, profile_deceased_3r2sh20eispace,","double-profiler","double-profiler",FALSE,"profile","CHART"
"2362","4728sjuiz","space","ixn","FALSE","null_count_plot_4728sjuizspace,","scatterplot","scatterplot",FALSE,"scatterplot","CHART"
"2444","7ACC0B75","space","ixn","FALSE","profile_all_columns8_7ACC0B75space,","profile","profile",FALSE,"profile","CHART"
"2641","iurmer289","space","ixn","FALSE","interactive_tutorial,","none","none",FALSE,"NONE","NONE"
"2650","iurmer289","space","ixn","TRUE","tooltip_scatterplot_without_size_iurmer289space,","scatterplot","scatterplot",FALSE,"scatterplot","CHART"
"2739","s294hoei","space","ixn","TRUE","roomservice_highlight_count_repeated_s294hoeispace,","multiviewchart","multiviewchart",FALSE,"multi-view chart","CHART"
